{
    "bad-homburg": {
        "id": "bad-homburg",
        "label": "Bad Homburg"
    },
    "baden-baden": {
        "id": "baden-baden",
        "label": "Baden-Baden"
    },
    "basel": {
        "id": "basel",
        "label": "Basel"
    },
    "berlin": {
        "id": "berlin",
        "label": "Berlin"
    },
    "bielefeld": {
        "id": "bielefeld",
        "label": "Bielefeld"
    },
    "bochum": {
        "id": "bochum",
        "label": "Bochum"
    },
    "bonn": {
        "id": "bonn",
        "label": "Bonn"
    },
    "bottrop": {
        "id": "bottrop",
        "label": "Bottrop"
    },
    "braunschweig": {
        "id": "braunschweig",
        "label": "Braunschweig"
    },
    "bremerhaven": {
        "id": "bremerhaven",
        "label": "Bremerhaven"
    },
    "bretten": {
        "id": "bretten",
        "label": "Bretten"
    },
    "bruchköbel": {
        "id": "bruchköbel",
        "label": "Bruchköbel"
    },
    "brühl": {
        "id": "brühl",
        "label": "Brühl"
    },
    "chemnitz": {
        "id": "chemnitz",
        "label": "Chemnitz"
    },
    "cottbus": {
        "id": "cottbus",
        "label": "Cottbus"
    },
    "cuxhaven": {
        "id": "cuxhaven",
        "label": "Cuxhaven"
    },
    "dortmund": {
        "id": "dortmund",
        "label": "Dortmund"
    },
    "dresden": {
        "id": "dresden",
        "label": "Dresden"
    },
    "duisburg": {
        "id": "duisburg",
        "label": "Duisburg"
    },
    "düsseldorf": {
        "id": "düsseldorf",
        "label": "Düsseldorf"
    },
    "erlangen": {
        "id": "erlangen",
        "label": "Erlangen"
    },
    "essen": {
        "id": "essen",
        "label": "Essen"
    },
    "freiburg": {
        "id": "freiburg",
        "label": "Freiburg"
    },
    "frankfurtmain": {
        "id": "frankfurtmain",
        "label": "Frankfurt am Main"
    },
    "friedrichsdorf": {
	"id": "friedrichsdorf",
	"label": "Friedrichsdorf"
    },
    "fürth": {
        "id": "fürth",
        "label": "Fürth (Bayern)"
    },
    "gelsenkirchen": {
        "id": "gelsenkirchen",
        "label": "Gelsenkirchen"
    },
    "hagen": {
        "id": "hagen",
        "label": "Hagen"
    },
    "hamburg": {
        "id": "hamburg",
        "label": "Hamburg"
    },
    "hamm": {
        "id": "hamm",
        "label": "Hamm"
    },
    "hanau": {
        "id": "hanau",
        "label": "Hanau"
    },
    "hannover": {
        "id": "hannover",
        "label": "Hannover"
    },
    "herne": {
        "id": "herne",
        "label": "Herne"
    },
    "hilden": {
        "id": "hilden",
        "label": "Hilden"
    },
    "hofheimamtaunus": {
        "id": "hofheimamtaunus",
        "label": "Hofheim am Taunus"
    },
    "kaiserslautern": {
        "id": "kaiserslautern",
        "label": "Kaiserslautern"
    },
    "karlsruhe": {
        "id": "karlsruhe",
        "label": "Karlsruhe"
    },
    "kassel": {
        "id": "kassel",
        "label": "Kassel"
    },
    "kiel": {
        "id": "kiel",
        "label": "Kiel"
    },
    "kleve": {
        "id": "kleve",
        "label": "Kleve"
    },
    "köln": {
        "id": "köln",
        "label": "Köln"
    },
    "konstanz": {
        "id": "konstanz",
        "label": "Konstanz"
    },
    "langenfeld_rhld": {
        "id": "langenfeld_rhld",
        "label": "Langenfeld (Rhld.)"
    },
    "laupheim": {
        "id": "laupheim",
        "label": "Laupheim"
    },
    "leipzig": {
        "id": "leipzig",
        "label": "Leipzig"
    },
    "loxstedt": {
        "id": "loxstedt",
        "label": "Loxstedt"
    },
    "luebeck": {
        "id": "luebeck",
        "label": "Lübeck"
    },
    "mallorca": {
        "id": "mallorca",
        "label": "Mallorca"
    },
    "moers": {
        "id": "moers",
        "label": "Moers"
    },
    "mülheim-an-der-ruhr": {
        "id": "mülheim-an-der-ruhr",
        "label": "Mülheim an der Ruhr"
    },
    "münchen": {
        "id": "münchen",
        "label": "München"
    },
    "münster": {
        "id": "münster",
        "label": "Münster"
    },
    "nersingen": {
        "id": "nersingen",
        "label": "Nersingen"
    },
    "neu-anspach": {
      "id": "neu-anspach",
      "label": "Neu-Anspach"
    },
    "neu-ulm": {
        "id": "neu-ulm",
        "label": "Neu-Ulm"
    },
    "oberursel": {
        "id": "oberursel",
        "label": "Oberursel"
    },
    "paderborn": {
        "id": "paderborn",
        "label": "Paderborn"
    },
    "potsdam": {
        "id": "potsdam",
        "label": "Potsdam"
    },
    "oldenburg": {
        "id": "oldenburg",
        "label": "Oldenburg (Oldb)"
    },
    "osnabrück": {
        "id": "osnabrück",
        "label": "Osnabrück"
    },
    "rostock": {
        "id": "rostock",
        "label": "Rostock"
    },
    "saarbrücken": {
        "id": "saarbrücken",
        "label": "Saarbrücken"
    },
    "schleswig": {
        "id": "schleswig",
        "label": "Schleswig"
    },
    "schwerin": {
        "id": "schwerin",
        "label": "Schwerin"
    },
    "siegen": {
        "id": "siegen",
        "label": "Siegen"
    },
    "solingen": {
        "id": "solingen",
        "label": "Solingen"
    },
    "stralsund": {
        "id": "stralsund",
        "label": "Stralsund"
    },
    "stuttgart": {
        "id": "stuttgart",
        "label": "Stuttgart"
    },
    "suhl": {
        "id": "suhl",
        "label": "Suhl"
    },
    "trier": {
        "id": "trier",
        "label": "Trier"
    },
    "tübingen": {
        "id": "tübingen",
        "label": "Tübingen"
    },
    "ulm": {
        "id": "ulm",
        "label": "Ulm"
    },
    "usingen": {
          "id": "usingen",
          "label": "Usingen"
     },
    "wiesbaden": {
        "id": "wiesbaden",
        "label": "Wiesbaden"
    },
    "witten": {
        "id": "witten",
        "label": "Witten"
    },
    "wolfenbüttel": {
        "id": "wolfenbüttel",
        "label": "Wolfenbüttel"
    },
    "wuppertal": {
        "id": "wuppertal",
        "label": "Wuppertal"
    },
    "zwickau": {
        "id": "zwickau",
        "label": "Zwickau"
    }
}
